,index,id
count,200000.0,200000.0
mean,0.0,1772567210.28765
std,0.0,152075087.752497
min,0.0,1467810672.0
25%,0.0,1678338189.25
50%,0.0,1793821203.5
75%,0.0,1883595567.5
max,0.0,1971570900.0
